No,nm_nas,tgl_buka,tenor,tgl_jt_tempo,kol,hari_tunggakan,pyd,angsuran,osl,saldo_rek_tip,sisa_pokok,tung_pokok,tung_sm,tung_denda,t_kewajiban,kol_in,sub_produk,keterangan,outlet_channel,status_kredit,ket_kredit
1,A*I T****H,2025-02-10 00:00:00.000000,12,2026-02-10 00:00:00.000000,1,0,10000000,983400,10000000,0.0,10000000,0,0,0,0,-, KREASI MULTI GUNA,-,-,KREDIT AKTIF,AKTIF
2,N*R F****A R*******I,2025-02-14 00:00:00.000000,24,2027-02-14 00:00:00.000000,1,0,15000000,812500,14375000,0.0,14375000,0,0,0,0,-, KREASI MULTI GUNA,-,-,KREDIT AKTIF,AKTIF
3,A****DI I****N,2025-02-21 00:00:00.000000,18,2026-08-21 00:00:00.000000,1,0,8000000,564500,8000000,565000.0,8000000,0,0,0,0,-, KREASI MULTI GUNA,-,-,KREDIT AKTIF,AKTIF
4,M*H T****Q,2025-02-11 00:00:00.000000,36,2028-02-11 00:00:00.000000,1,0,30000000,1208400,30000000,900000.0,30000000,0,0,0,0,-, KREASI MULTI GUNA,-,-,KREDIT AKTIF,AKTIF
5,D**N A********H,2024-12-28 00:00:00.000000,36,2027-12-28 00:00:00.000000,1,0,60000000,2356700,56666600,0.0,56666600,0,0,0,0,-, KREASI MULTI GUNA,REPEAT,-,KREDIT AKTIF,AKTIF
6,Y**I H******O,2023-11-28 00:00:00.000000,36,2026-11-28 00:00:00.000000,1,0,50000000,2013900,29166500,0.0,29166500,0,0,0,0,-, KREASI MULTI GUNA,-,-,KREDIT AKTIF,AKTIF
7,IN**H P******I,2023-05-19 00:00:00.000000,36,2026-05-19 00:00:00.000000,1,0,80000000,3142300,33331700,434300.0,33331700,0,0,0,0,-, KREASI MULTI GUNA,-,-,KREDIT AKTIF,AKTIF
8,L**T**G M******I,2023-12-01 00:00:00.000000,18,2025-06-01 00:00:00.000000,2,2,9000000,635000,1895427,0.0,1500000,395427,0,0,395427,-, KREASI MULTI GUNA,-,-,KREDIT AKTIF,AKTIF
9,D**AS P**H**A P***A,2025-01-25 00:00:00.000000,24,2027-01-25 00:00:00.000000,1,0,34000000,1841700,32583300,0.0,32583300,0,0,0,0,-, KREASI MULTI GUNA,-,-,KREDIT AKTIF,AKTIF
10,A**ILLA **H***DA F*********H,2023-12-02 00:00:00.000000,18,2025-06-02 00:00:00.000000,1,0,14000000,952800,2333000,0.0,2333000,0,0,0,0,-, KREASI MULTI GUNA,-,-,KREDIT AKTIF,AKTIF
11,N**UL H****H,2024-10-03 00:00:00.000000,12,2025-10-03 00:00:00.000000,1,0,6000000,590000,4000000,426.0,4000000,0,0,0,0,-, KREASI MULTI GUNA,-,-,KREDIT AKTIF,AKTIF
12,SU**A*I,2024-08-01 00:00:00.000000,36,2027-08-01 00:00:00.000000,2,2,70000000,2749500,58333000,0.0,56388500,1944500,804322,0,2748822,-, KREASI MULTI GUNA,-,-,KREDIT AKTIF,AKTIF
13,D**I T*******R,2024-06-14 00:00:00.000000,12,2025-06-14 00:00:00.000000,1,0,15000000,1437500,5000000,0.0,5000000,0,0,0,0,-, KREASI MULTI GUNA,-,-,KREDIT AKTIF,AKTIF
14,A****A,2024-07-13 00:00:00.000000,36,2027-07-13 00:00:00.000000,1,0,25000000,1007000,20138500,43000.0,20138500,0,0,0,0,-, KREASI MULTI GUNA,-,-,KREDIT AKTIF,AKTIF
15,M*****D B*****R,2025-02-26 00:00:00.000000,12,2026-02-26 00:00:00.000000,1,0,13000000,1245900,13000000,0.0,13000000,0,0,0,0,-, KREASI MULTI GUNA,-,-,KREDIT AKTIF,AKTIF
16,M******I S******I,2024-09-06 00:00:00.000000,36,2027-09-06 00:00:00.000000,1,0,70000000,2749500,58333000,500.0,58333000,0,0,0,0,-, KREASI MULTI GUNA,-,-,KREDIT AKTIF,AKTIF
17,S*H***I,2023-12-07 00:00:00.000000,24,2025-12-07 00:00:00.000000,1,0,15000000,812500,6250000,0.0,6250000,0,0,0,0,-, KREASI MULTI GUNA,-,-,KREDIT AKTIF,AKTIF
18,N***E BA***AT*** Y**YA,2024-03-04 00:00:00.000000,36,2027-03-04 00:00:00.000000,1,0,65000000,2553100,45138400,0.0,45138400,0,0,0,0,-, KREASI MULTI GUNA,-,-,KREDIT AKTIF,AKTIF
19,G***S** RO*****N*,2025-02-24 00:00:00.000000,12,2026-02-24 00:00:00.000000,1,0,5000000,491700,5000000,0.0,5000000,0,0,0,0,-, KREASI MULTI GUNA,-,-,KREDIT AKTIF,AKTIF
20,R***Y NO****A,2024-09-23 00:00:00.000000,36,2027-09-23 00:00:00.000000,1,0,50000000,2013900,43055500,500.0,43055500,0,0,0,0,-, KREASI MULTI GUNA,TOPUP,-,KREDIT AKTIF,AKTIF
21,DH**A DH****TR*,2023-11-14 00:00:00.000000,36,2026-11-14 00:00:00.000000,1,0,50000000,2013900,27777600,0.0,27777600,0,0,0,0,-, KREASI MULTI GUNA,-,-,KREDIT AKTIF,AKTIF
22,H***Z *AT*** *U***OR*,2024-05-27 00:00:00.000000,36,2027-05-28 00:00:00.000000,1,0,50000000,1618900,37499900,0.0,37499900,0,0,0,0,-, KREASI MULTI GUNA,-,-,KREDIT AKTIF,AKTIF
23,T** AC***Y,2025-01-21 00:00:00.000000,12,2026-01-21 00:00:00.000000,1,0,8000000,786700,7333300,300.0,7333300,0,0,0,0,-, KREASI MULTI GUNA,-,-,KREDIT AKTIF,AKTIF
24,M**A***D H**** ***YI*I,2024-05-03 00:00:00.000000,12,2025-05-03 00:00:00.000000,1,0,40000000,3833400,9999400,949.0,9999400,0,0,0,0,-, KREASI MULTI GUNA,-,-,KREDIT AKTIF,AKTIF
25,H***I *LI,2023-12-06 00:00:00.000000,18,2025-06-06 00:00:00.000000,1,0,50000000,3402800,11110800,0.0,11110800,0,0,0,0,-, KREASI MULTI GUNA,-,-,KREDIT AKTIF,AKTIF
26,SU**R*I,2024-07-04 00:00:00.000000,18,2026-01-04 00:00:00.000000,1,0,10000000,705600,6110800,990.0,6110800,0,0,0,0,-, KREASI MULTI GUNA,REPEAT,-,KREDIT AKTIF,AKTIF
27,MA***R ****AN*,2024-08-22 00:00:00.000000,18,2026-02-22 00:00:00.000000,1,0,7000000,493900,4666600,500.0,4666600,0,0,0,0,-, KREASI MULTI GUNA,-,-,KREDIT AKTIF,AKTIF
28,ADH** ***O *I***O,2025-01-20 00:00:00.000000,18,2026-07-20 00:00:00.000000,1,0,20000000,1361200,18888800,0.0,18888800,0,0,0,0,-, KREASI MULTI GUNA,-,-,KREDIT AKTIF,AKTIF
29,DO** ****A*AN,2025-01-17 00:00:00.000000,12,2026-01-17 00:00:00.000000,1,0,7000000,688400,6416600,600.0,6416600,0,0,0,0,-, KREASI MULTI GUNA,-,-,KREDIT AKTIF,AKTIF
30,AN**I,2024-06-22 00:00:00.000000,12,2025-06-22 00:00:00.000000,1,0,8000000,786700,2666400,817.0,2666400,0,0,0,0,-, KREASI MULTI GUNA,-,-,KREDIT AKTIF,AKTIF
31,IS**Q***H,2024-10-18 00:00:00.000000,12,2025-10-18 00:00:00.000000,1,0,20000000,1916700,13333200,0.0,13333200,0,0,0,0,-, KREASI MULTI GUNA,TOPUP,-,KREDIT AKTIF,AKTIF
32,I***N S**TI******,2025-02-26 00:00:00.000000,6,2025-08-26 00:00:00.000000,1,0,25000000,4591700,25000000,0.0,25000000,0,0,0,0,-, KREASI MULTI GUNA,-,-,KREDIT AKTIF,AKTIF
33,AH***,2025-02-28 00:00:00.000000,12,2026-02-28 00:00:00.000000,1,0,40000000,3833400,40000000,0.0,40000000,0,0,0,0,-, KREASI MULTI GUNA,TOPUP,-,KREDIT AKTIF,AKTIF
34,NUR*****,2024-05-16 00:00:00.000000,24,2026-05-16 00:00:00.000000,1,0,50000000,2708400,31249400,7400.0,31249400,0,0,0,0,-, KREASI MULTI GUNA,-,-,KREDIT AKTIF,AKTIF
35,CAN****** *****S*RI SPSI,2025-02-14 00:00:00.000000,18,2026-08-14 00:00:00.000000,1,0,20000000,1361200,20000000,0.0,20000000,0,0,0,0,-, KREASI MULTI GUNA,-,-,KREDIT AKTIF,AKTIF
36,M***ALA GI**,2023-11-14 00:00:00.000000,36,2026-11-14 00:00:00.000000,1,0,75000000,2945900,41665600,0.0,41665600,0,0,0,0,-, KREASI MULTI GUNA,-,-,KREDIT AKTIF,AKTIF
37,YU*** S**YAN,2023-07-08 00:00:00.000000,24,2025-07-08 00:00:00.000000,1,0,20000000,1083400,4165400,0.0,4165400,0,0,0,0,-, KREASI MULTI GUNA,-,-,KREDIT AKTIF,AKTIF
38,WA*****,2025-02-20 00:00:00.000000,12,2026-02-20 00:00:00.000000,1,0,6000000,590000,6000000,0.0,6000000,0,0,0,0,-, KREASI MULTI GUNA,TOPUP,-,KREDIT AKTIF,AKTIF
39,MUH***AD R**W** SAP****A,2023-11-11 00:00:00.000000,24,2025-11-11 00:00:00.000000,2,20,50000000,2708400,20832400,0.0,18749000,2083400,220939,12290,2316629,-, KREASI MULTI GUNA,-,-,KREDIT AKTIF,AKTIF
40,H****N H*****WAN,2024-01-18 00:00:00.000000,18,2025-07-18 00:00:00.000000,1,0,10000000,705600,2777200,950.0,2777200,0,0,0,0,-, KREASI MULTI GUNA,-,-,KREDIT AKTIF,AKTIF
41,B*** **LAN,2023-06-13 00:00:00.000000,24,2025-06-13 00:00:00.000000,1,0,35000000,1895900,5832000,38000.0,5832000,0,0,0,0,-, KREASI MULTI GUNA,-,-,KREDIT AKTIF,AKTIF
42,***I K******DIN,2024-09-28 00:00:00.000000,36,2027-09-28 00:00:00.000000,1,0,50000000,2013900,43055500,0.0,43055500,0,0,0,0,-, KREASI MULTI GUNA,-,-,KREDIT AKTIF,AKTIF
43,**I **U N*******H,2023-09-22 00:00:00.000000,36,2026-09-22 00:00:00.000000,1,0,35000000,1409800,18470900,2412.0,18470900,0,0,0,0,-, KREASI MULTI GUNA,-,-,KREDIT AKTIF,AKTIF
44,****O R*****ONO,2025-01-22 00:00:00.000000,12,2026-01-22 00:00:00.000000,1,0,8000000,786700,7333300,0.0,7333300,0,0,0,0,-, KREASI MULTI GUNA,-,-,KREDIT AKTIF,AKTIF
45,****ORI,2023-07-27 00:00:00.000000,24,2025-07-27 00:00:00.000000,1,0,20000000,1083400,4165400,0.0,4165400,0,0,0,0,-, KREASI MULTI GUNA,-,-,KREDIT AKTIF,AKTIF
1,R*****,2024-07-02 00:00:00.000000,12,2025-07-02 00:00:00.000000,2,60,5000000,479200,2916500,,1666400,1250100,185002,35781,1470883,,,,,KREDIT AKTIF,AKTIF
2,S****NO,2023-09-01 00:00:00.000000,18,2025-03-01 00:00:00.000000,2,30,8000000,544500,888000,,0,888000,197906,17357,1103263,,,,,KREDIT AKTIF,AKTIF
3,**** L**DA,2024-05-08 00:00:00.000000,24,2026-05-08 00:00:00.000000,2,23,15000000,812500,10000000,,9375000,625000,187500,21667,834167,,,,,KREDIT AKTIF,AKTIF
4,AN***,2024-01-17 00:00:00.000000,24,2026-01-17 00:00:00.000000,2,14,18500000,1002100,9249200,,8478300,770900,231190,14698,1016788,,,,,KREDIT AKTIF,AKTIF
5,SA***,2024-07-29 00:00:00.000000,12,2025-07-29 00:00:00.000000,2,3,8000000,766700,3999800,,3333100,666700,98258,0,764958,,,,,KREDIT AKTIF,AKTIF
6,FE*I R**** M******,2024-10-28 00:00:00.000000,18,2026-04-28 00:00:00.000000,1,0,18000000,1225000,14000000,,14000000,0,0,0,0,,,,,KREDIT AKTIF,AKTIF
7,HE*****,2025-02-20 00:00:00.000000,12,2026-02-20 00:00:00.000000,1,0,10000000,958400,10000000,,10000000,0,0,0,0,,,,,KREDIT AKTIF,AKTIF
8,SU*****,2025-01-23 00:00:00.000000,12,2026-01-23 00:00:00.000000,1,0,6000000,575000,5500000,,5500000,0,0,0,0,,,,,KREDIT AKTIF,AKTIF
9,YUS******,2024-10-31 00:00:00.000000,18,2026-04-30 00:00:00.000000,1,0,10000000,680600,7777600,,7777600,0,0,0,0,,,,,KREDIT AKTIF,AKTIF
10,A****,2025-02-10 00:00:00.000000,12,2026-02-10 00:00:00.000000,1,0,13000000,1245900,13000000,,13000000,0,0,0,0,,,REPEAT,,KREDIT AKTIF,AKTIF
11,N*** Y*****,2025-01-10 00:00:00.000000,18,2026-07-10 00:00:00.000000,1,0,7000000,476400,6611100,,6611100,0,0,0,0,,,,,KREDIT AKTIF,AKTIF
12,A** NO****,2025-02-18 00:00:00.000000,24,2027-02-18 00:00:00.000000,1,0,10000000,541700,10000000,,10000000,0,0,0,0,,,,,KREDIT AKTIF,AKTIF
13,LUK***** H****,2024-10-26 00:00:00.000000,24,2026-10-26 00:00:00.000000,1,0,13000000,704200,10833200,,10833200,0,0,0,0,,,,,KREDIT AKTIF,AKTIF
14,TU******,2024-12-05 00:00:00.000000,12,2025-12-05 00:00:00.000000,1,0,3000000,287500,2500000,,2500000,0,0,0,0,,,REPEAT,,KREDIT AKTIF,AKTIF
15,R*****,2025-02-06 00:00:00.000000,12,2026-02-06 00:00:00.000000,1,0,10000000,958400,10000000,,10000000,0,0,0,0,,,,,KREDIT AKTIF,AKTIF
16,S****NO,2025-02-19 00:00:00.000000,18,2026-08-19 00:00:00.000000,1,0,10000000,680600,10000000,,10000000,0,0,0,0,,,,,KREDIT AKTIF,AKTIF
17,**** L**DA,2025-02-12 00:00:00.000000,18,2026-08-12 00:00:00.000000,1,0,17000000,1157000,17000000,,17000000,0,0,0,0,,,,,KREDIT AKTIF,AKTIF
18,AN***,2025-01-17 00:00:00.000000,18,2026-07-17 00:00:00.000000,1,0,8000000,544500,7555500,,7555500,0,0,0,0,,,,,KREDIT AKTIF,AKTIF
19,SA***,2024-09-05 00:00:00.000000,12,2025-09-05 00:00:00.000000,1,0,10000000,958400,5833000,,5833000,0,0,0,0,,,,,KREDIT AKTIF,AKTIF
20,FE*I R**** M******,2025-02-10 00:00:00.000000,24,2027-02-10 00:00:00.000000,1,0,20000000,1083400,20000000,,20000000,0,0,0,0,,,,,KREDIT AKTIF,AKTIF
21,HE*****,2025-01-10 00:00:00.000000,12,2026-01-10 00:00:00.000000,1,0,6000000,575000,5500000,,5500000,0,0,0,0,,,,,KREDIT AKTIF,AKTIF
22,SU*****,2025-01-08 00:00:00.000000,12,2026-01-08 00:00:00.000000,1,0,5000000,479200,4583300,,4583300,0,0,0,0,,,,,KREDIT AKTIF,AKTIF
23,YUS******,2024-07-15 00:00:00.000000,12,2025-07-15 00:00:00.000000,1,0,5000000,479200,2083100,,2083100,0,0,0,0,,,,,KREDIT AKTIF,AKTIF
24,A****,2025-01-31 00:00:00.000000,12,2026-01-31 00:00:00.000000,1,0,7000000,670900,6416600,,6416600,0,0,0,0,,,,,KREDIT AKTIF,AKTIF
25,N*** Y*****,2024-08-29 00:00:00.000000,12,2025-08-29 00:00:00.000000,1,0,3200000,306700,1599800,,1599800,0,0,0,0,,,,,KREDIT AKTIF,AKTIF
26,A** NO****,2025-01-31 00:00:00.000000,18,2026-07-31 00:00:00.000000,1,0,10000000,680600,9444400,,9444400,0,0,0,0,,,,,KREDIT AKTIF,AKTIF
27,LUK***** H****,2024-10-01 00:00:00.000000,12,2025-10-01 00:00:00.000000,1,0,13000000,1245900,7583000,,7583000,0,0,0,0,,,,,KREDIT AKTIF,AKTIF
28,TU******,2025-01-10 00:00:00.000000,18,2026-07-10 00:00:00.000000,1,0,20000000,1361200,18888800,,18888800,0,0,0,0,,,,,KREDIT AKTIF,AKTIF
29,R*****,2025-02-03 00:00:00.000000,24,2027-02-03 00:00:00.000000,1,0,10000000,541700,10000000,,10000000,0,0,0,0,,,,,KREDIT AKTIF,AKTIF
30,S****NO,2024-03-18 00:00:00.000000,18,2025-09-18 00:00:00.000000,1,0,15000000,1020900,4999200,,4999200,0,0,0,0,,,,,KREDIT AKTIF,AKTIF
31,**** L**DA,2024-09-13 00:00:00.000000,24,2026-09-13 00:00:00.000000,1,0,12000000,650000,9500000,,9500000,0,0,0,0,,,,,KREDIT AKTIF,AKTIF
32,AN***,2025-01-06 00:00:00.000000,18,2026-07-06 00:00:00.000000,1,0,20000000,1361200,18888800,,18888800,0,0,0,0,,,,,KREDIT AKTIF,AKTIF
33,SA***,2024-05-08 00:00:00.000000,12,2025-05-08 00:00:00.000000,1,0,5000000,479200,1249700,,1249700,0,0,0,0,,,,,KREDIT AKTIF,AKTIF
34,FE*I R**** M******,2024-11-14 00:00:00.000000,12,2025-11-14 00:00:00.000000,1,0,6000000,575000,4500000,,4500000,0,0,0,0,,,,,KREDIT AKTIF,AKTIF
35,HE*****,2024-12-20 00:00:00.000000,12,2025-12-20 00:00:00.000000,1,0,10000000,958400,8333200,,8333200,0,0,0,0,,,REPEAT,,KREDIT AKTIF,AKTIF
1,MO***AD ,2023-11-10 00:00:00.000000,24,2025-11-10 00:00:00.000000,3,113,25000000,1341700,13541300,0.0,9374500,4166800,1200000,183391,5550191,,,,,KREDIT AKTIF,AKTIF
2,**U N*****,2023-03-17 00:00:00.000000,36,2026-03-17 00:00:00.000000,3,106,45000000,1812500,21250000,0.0,16250000,5000000,2127001,171584,7298585,,,,,KREDIT AKTIF,AKTIF
3,C****RA F*****S,2024-08-19 00:00:00.000000,36,2027-08-19 00:00:00.000000,2,74,35000000,1409800,32083100,0.0,29166200,2916900,1302812,129702,4349414,,,,,KREDIT AKTIF,AKTIF
4,D*** ****NI,2023-06-20 00:00:00.000000,36,2026-06-20 00:00:00.000000,2,73,100000000,3817800,52777400,0.0,44444000,8333400,3119700,345256,11798356,,,,,KREDIT AKTIF,AKTIF
5,E****D NA***R,2024-03-28 00:00:00.000000,36,2027-03-28 00:00:00.000000,2,65,220000000,8157200,171110400,0.0,152776800,18333600,6138000,602688,25074288,,,,,KREDIT AKTIF,AKTIF
6,TH**A C**KA FE***TA,2024-01-29 00:00:00.000000,36,2027-01-29 00:00:00.000000,2,64,21000000,845900,15166000,0.0,13415800,1750200,787490,67672,2605362,,,,,KREDIT AKTIF,AKTIF
7,SO***AH,2024-04-05 00:00:00.000000,36,2027-04-05 00:00:00.000000,2,57,40000000,1611200,30535393,0.0,28888000,1647393,500000,49411,2196804,,,,,KREDIT AKTIF,AKTIF
8,KR****WATI,2024-09-18 00:00:00.000000,24,2026-09-18 00:00:00.000000,2,44,40000000,2146700,34999900,0.0,31666500,3333400,959327,114491,4407218,,,,,KREDIT AKTIF,AKTIF
9,NU**NG,2023-09-19 00:00:00.000000,24,2025-09-19 00:00:00.000000,2,43,50000000,2683400,18749000,0.0,14582200,4166800,1200000,139445,5506245,,,,,KREDIT AKTIF,AKTIF
10,R**I AN*****NI,2024-07-30 00:00:00.000000,24,2026-07-30 00:00:00.000000,2,32,100000000,5166700,79166500,0.0,70833100,8333400,2000000,199780,10533180,,,,,KREDIT AKTIF,AKTIF
11,MO***AD ,2024-05-31 00:00:00.000000,36,2027-05-31 00:00:00.000000,2,31,80000000,3054300,64443900,0.0,59999300,4444600,1662904,113991,6221495,,,,,KREDIT AKTIF,AKTIF
12,**U N*****,2024-03-01 00:00:00.000000,36,2027-03-01 00:00:00.000000,2,30,40000000,1611200,28888000,0.0,26665600,2222400,999053,57970,3279423,,,,,KREDIT AKTIF,AKTIF
13,C****RA F*****S,2024-04-05 00:00:00.000000,36,2027-04-05 00:00:00.000000,2,26,70000000,2672500,52499500,0.0,50555000,1944500,703590,81209,2729299,,,,,KREDIT AKTIF,AKTIF
14,D*** ****NI,2024-05-07 00:00:00.000000,36,2027-05-07 00:00:00.000000,2,24,65000000,2481600,50555200,0.0,48749600,1805600,675900,69348,2550848,,,,,KREDIT AKTIF,AKTIF
15,E****D NA***R,2023-04-11 00:00:00.000000,36,2026-04-11 00:00:00.000000,2,20,100000000,3817800,41666200,0.0,38888400,2777800,293999,69628,3141427,,,,,KREDIT AKTIF,AKTIF
16,TH**A C**KA FE***TA,2023-06-14 00:00:00.000000,36,2026-06-14 00:00:00.000000,2,17,30000000,1208400,14165400,0.0,13332000,833400,374637,22551,1230588,,,,,KREDIT AKTIF,AKTIF
17,SO***AH,2024-11-15 00:00:00.000000,12,2025-11-15 00:00:00.000000,2,16,50000000,4766700,41666600,0.0,37499900,4166700,599056,82607,4848363,,,,,KREDIT AKTIF,AKTIF
18,KR****WATI,2023-12-16 00:00:00.000000,36,2026-12-16 00:00:00.000000,2,15,75000000,2863400,47915800,0.0,45832400,2083400,737118,45129,2865647,,,,,KREDIT AKTIF,AKTIF
19,NU**NG,2024-07-16 00:00:00.000000,36,2027-07-16 00:00:00.000000,2,15,60000000,2290700,49999800,0.0,48333100,1666700,623475,36643,2326818,,,,,KREDIT AKTIF,AKTIF
20,R**I AN*****NI,2024-03-16 00:00:00.000000,24,2026-03-16 00:00:00.000000,2,15,25000000,1341700,14583000,0.0,13541300,1041700,289987,21307,1352994,,,,,KREDIT AKTIF,AKTIF
21,MO***AD ,2024-12-18 00:00:00.000000,48,2028-12-18 00:00:00.000000,2,13,61000000,1923600,59729100,0.0,58458200,1270900,652467,25645,1949012,,,,,KREDIT AKTIF,AKTIF
22,**U N*****,2024-07-19 00:00:00.000000,36,2027-07-19 00:00:00.000000,2,12,30000000,1208400,24999600,0.0,24166200,833400,366130,14395,1213925,,,REPEAT,,KREDIT AKTIF,AKTIF
23,C****RA F*****S,2024-04-19 00:00:00.000000,36,2027-04-19 00:00:00.000000,2,12,70000000,2672500,52499500,0.0,50555000,1944500,726214,32049,2702763,,,,,KREDIT AKTIF,AKTIF
24,D*** ****NI,2023-03-20 00:00:00.000000,36,2026-03-20 00:00:00.000000,2,11,65000000,2481600,25276800,0.0,23471200,1805600,675400,26464,2507464,,,,,KREDIT AKTIF,AKTIF
25,E****D NA***R,2024-12-20 00:00:00.000000,36,2027-12-20 00:00:00.000000,2,11,350000000,12977300,340277700,0.0,330555400,9722300,3254950,138424,13115674,,,,,KREDIT AKTIF,AKTIF
26,TH**A C**KA FE***TA,2023-11-25 00:00:00.000000,18,2025-05-25 00:00:00.000000,2,6,40000000,2702300,8887800,0.0,6665500,2222300,442614,7107,2672021,,,,,KREDIT AKTIF,AKTIF
27,SO***AH,2023-11-25 00:00:00.000000,36,2026-11-25 00:00:00.000000,2,6,40000000,1611200,24443200,0.0,23332000,1111200,499584,6444,1617228,,,,,KREDIT AKTIF,AKTIF
28,KR****WATI,2024-06-25 00:00:00.000000,36,2027-06-25 00:00:00.000000,2,6,70000000,2672500,56388500,0.0,54444000,1944500,727112,10687,2682299,,,,,KREDIT AKTIF,AKTIF
29,NU**NG,2023-10-31 00:00:00.000000,36,2026-10-31 00:00:00.000000,2,3,100000000,3817800,58333000,0.0,55555200,2777800,1037987,0,3815787,,,,,KREDIT AKTIF,AKTIF
30,R**I AN*****NI,2024-04-30 00:00:00.000000,12,2025-04-30 00:00:00.000000,2,3,70000000,6533400,17499400,0.0,11666000,5833400,699405,0,6532805,,,,,KREDIT AKTIF,AKTIF
31,MO***AD ,2023-11-30 00:00:00.000000,18,2025-05-30 00:00:00.000000,2,3,50000000,3377800,11110800,0.0,8333000,2777800,600000,0,3377800,,,,,KREDIT AKTIF,AKTIF
32,**U N*****,2024-10-01 00:00:00.000000,36,2027-10-01 00:00:00.000000,2,2,50000000,2013900,44444400,0.0,43055500,1388900,624990,0,2013890,,,,,KREDIT AKTIF,AKTIF
33,C****RA F*****S,2024-05-02 00:00:00.000000,24,2026-05-02 00:00:00.000000,2,1,70000000,3616700,43749700,0.0,40833000,2916700,699120,0,3615820,,,,,KREDIT AKTIF,AKTIF
34,D*** ****NI,2023-12-02 00:00:00.000000,36,2026-12-02 00:00:00.000000,2,1,30000000,1208400,18332400,0.0,17499000,833400,370643,0,1204043,,,,,KREDIT AKTIF,AKTIF
35,E****D NA***R,2023-10-10 00:00:00.000000,24,2025-10-10 00:00:00.000000,1,0,50000000,2683400,16665600,265600.0,16665600,0,0,0,0,,,,,KREDIT AKTIF,AKTIF
36,TH**A C**KA FE***TA,2024-12-17 00:00:00.000000,24,2026-12-17 00:00:00.000000,1,0,30000000,1610000,27500000,0.0,27500000,0,0,0,0,,,,,KREDIT AKTIF,AKTIF
37,SO***AH,2024-07-02 00:00:00.000000,36,2027-07-02 00:00:00.000000,1,0,30000000,1208400,23332800,6800.0,23332800,0,0,0,0,,,,,KREDIT AKTIF,AKTIF
38,KR****WATI,2024-04-25 00:00:00.000000,24,2026-04-25 00:00:00.000000,1,0,70000000,3616700,40833000,2232.0,40833000,0,0,0,0,,,TOPUP,,KREDIT AKTIF,AKTIF
39,NU**NG,2024-11-26 00:00:00.000000,12,2025-11-26 00:00:00.000000,1,0,21000000,2002000,15750000,2004662.0,15750000,0,0,0,0,,,REPEAT,,KREDIT AKTIF,AKTIF
40,R**I AN*****NI,2024-01-08 00:00:00.000000,36,2027-01-08 00:00:00.000000,1,0,30000000,1208400,19165800,2493.0,19165800,0,0,0,0,,,,,KREDIT AKTIF,AKTIF
41,MO***AD ,2024-03-26 00:00:00.000000,12,2025-03-26 00:00:00.000000,1,0,30000000,2860000,2500000,677.0,2500000,0,0,0,0,,,REPEAT,,KREDIT AKTIF,AKTIF
42,**U N*****,2024-04-04 00:00:00.000000,24,2026-04-04 00:00:00.000000,1,0,25000000,1341700,13541300,0.0,13541300,0,0,0,0,,,,,KREDIT AKTIF,AKTIF
43,C****RA F*****S,2025-01-15 00:00:00.000000,36,2028-01-15 00:00:00.000000,1,0,55000000,2099800,51944400,0.0,51944400,0,0,0,0,,,,,KREDIT AKTIF,AKTIF
44,D*** ****NI,2024-12-13 00:00:00.000000,36,2027-12-13 00:00:00.000000,1,0,90000000,3436000,85000000,28200.0,85000000,0,0,0,0,,,TOPUP,,KREDIT AKTIF,AKTIF
45,E****D NA***R,2024-10-18 00:00:00.000000,36,2027-10-18 00:00:00.000000,1,0,35000000,1409800,31110800,1714.0,31110800,0,0,0,0,,,TOPUP,,KREDIT AKTIF,AKTIF
46,TH**A C**KA FE***TA,2024-11-12 00:00:00.000000,18,2026-05-12 00:00:00.000000,1,0,25000000,1688900,20833300,2996.0,20833300,0,0,0,0,,,TOPUP,,KREDIT AKTIF,AKTIF
47,SO***AH,2024-10-26 00:00:00.000000,24,2026-10-26 00:00:00.000000,1,0,40000000,2146700,33333200,300.0,33333200,0,0,0,0,,,,,KREDIT AKTIF,AKTIF
48,KR****WATI,2025-02-04 00:00:00.000000,3,2025-05-04 00:00:00.000000,1,0,30000000,11914000,30000000,0.0,30000000,0,0,0,0,,,,,KREDIT AKTIF,AKTIF
49,NU**NG,2024-12-24 00:00:00.000000,36,2027-12-24 00:00:00.000000,1,0,50000000,2013900,47222200,200.0,47222200,0,0,0,0,,,,,KREDIT AKTIF,AKTIF
50,R**I AN*****NI,2024-01-16 00:00:00.000000,60,2029-01-16 00:00:00.000000,1,0,150000000,3955000,117500000,0.0,117500000,0,0,0,0,,,,,KREDIT AKTIF,AKTIF
51,MO***AD ,2024-01-10 00:00:00.000000,60,2029-01-10 00:00:00.000000,1,0,50000000,1498400,39165800,396.0,39165800,0,0,0,0,,,,,KREDIT AKTIF,AKTIF
52,**U N*****,2024-06-05 00:00:00.000000,36,2027-06-05 00:00:00.000000,1,0,30000000,1208400,23332800,364.0,23332800,0,0,0,0,,,,,KREDIT AKTIF,AKTIF
53,C****RA F*****S,2024-10-15 00:00:00.000000,24,2026-10-15 00:00:00.000000,1,0,32000000,1717400,26666400,2400.0,26666400,0,0,0,0,,,,,KREDIT AKTIF,AKTIF
54,D*** ****NI,2024-07-08 00:00:00.000000,18,2026-01-08 00:00:00.000000,1,0,25000000,1688900,15277700,2800.0,15277700,0,0,0,0,,,TOPUP,,KREDIT AKTIF,AKTIF
55,E****D NA***R,2025-02-24 00:00:00.000000,12,2026-02-24 00:00:00.000000,1,0,25000000,2383400,25000000,2383400.0,25000000,0,0,0,0,,,,,KREDIT AKTIF,AKTIF
56,TH**A C**KA FE***TA,2023-11-20 00:00:00.000000,24,2025-11-20 00:00:00.000000,1,0,35000000,1878400,13124000,182914.0,13124000,0,0,0,0,,,,,KREDIT AKTIF,AKTIF
57,SO***AH,2025-01-22 00:00:00.000000,48,2029-01-22 00:00:00.000000,1,0,40000000,1349400,39166600,400600.0,39166600,0,0,0,0,,,,,KREDIT AKTIF,AKTIF
58,KR****WATI,2024-02-07 00:00:00.000000,24,2026-02-07 00:00:00.000000,1,0,50000000,2683400,24999200,748.0,24999200,0,0,0,0,,,,,KREDIT AKTIF,AKTIF
59,NU**NG,2023-12-09 00:00:00.000000,36,2026-12-09 00:00:00.000000,1,0,100000000,3817800,61110800,5979.0,61110800,0,0,0,0,,,,,KREDIT AKTIF,AKTIF
60,R**I AN*****NI,2024-01-06 00:00:00.000000,36,2027-01-06 00:00:00.000000,1,0,30000000,1208400,19165800,0.0,19165800,0,0,0,0,,,,,KREDIT AKTIF,AKTIF
61,MO***AD ,2024-01-20 00:00:00.000000,36,2027-01-20 00:00:00.000000,1,0,40000000,1611200,25554400,9404.0,25554400,0,0,0,0,,,,,KREDIT AKTIF,AKTIF
62,**U N*****,2024-02-22 00:00:00.000000,24,2026-02-22 00:00:00.000000,1,0,50000000,2683400,24999200,7200.0,24999200,0,0,0,0,,,,,KREDIT AKTIF,AKTIF
63,C****RA F*****S,2025-02-01 00:00:00.000000,36,2028-02-01 00:00:00.000000,1,0,40000000,1611200,38888800,800.0,38888800,0,0,0,0,,,,,KREDIT AKTIF,AKTIF
64,D*** ****NI,2024-03-19 00:00:00.000000,24,2026-03-19 00:00:00.000000,1,0,50000000,2683400,27082600,590.0,27082600,0,0,0,0,,,,,KREDIT AKTIF,AKTIF
65,E****D NA***R,2024-09-21 00:00:00.000000,24,2026-09-21 00:00:00.000000,1,0,80000000,4133400,63333000,427.0,63333000,0,0,0,0,,,,,KREDIT AKTIF,AKTIF
66,TH**A C**KA FE***TA,2024-11-13 00:00:00.000000,24,2026-11-13 00:00:00.000000,1,0,150000000,7600000,131250000,724.0,131250000,0,0,0,0,,,TOPUP,,KREDIT AKTIF,AKTIF
67,SO***AH,2023-07-03 00:00:00.000000,60,2028-07-03 00:00:00.000000,1,0,100000000,2766700,68332700,0.0,68332700,0,0,0,0,,,,,KREDIT AKTIF,AKTIF
68,KR****WATI,2025-01-06 00:00:00.000000,36,2028-01-06 00:00:00.000000,1,0,50000000,2013900,48611100,1751.0,48611100,0,0,0,0,,,TOPUP,,KREDIT AKTIF,AKTIF
69,NU**NG,2025-01-02 00:00:00.000000,36,2028-01-02 00:00:00.000000,1,0,50000000,2013900,47222200,1100.0,47222200,0,0,0,0,,,,,KREDIT AKTIF,AKTIF
70,R**I AN*****NI,2024-09-19 00:00:00.000000,12,2025-09-19 00:00:00.000000,1,0,110000000,10167700,64166500,387.0,64166500,0,0,0,0,,,,,KREDIT AKTIF,AKTIF
71,MO***AD ,2024-01-27 00:00:00.000000,24,2026-01-27 00:00:00.000000,1,0,40000000,2146700,18332900,300.0,18332900,0,0,0,0,,,,,KREDIT AKTIF,AKTIF
72,**U N*****,2024-07-26 00:00:00.000000,36,2027-07-26 00:00:00.000000,1,0,40000000,1611200,32221600,2044.0,32221600,0,0,0,0,,,,,KREDIT AKTIF,AKTIF
73,C****RA F*****S,2023-12-14 00:00:00.000000,36,2026-12-14 00:00:00.000000,1,0,60000000,2290700,36666200,3584.0,36666200,0,0,0,0,,,,,KREDIT AKTIF,AKTIF
74,D*** ****NI,2023-10-25 00:00:00.000000,18,2025-04-25 00:00:00.000000,1,0,70000000,4588900,7777600,3400.0,7777600,0,0,0,0,,,,,KREDIT AKTIF,AKTIF
75,E****D NA***R,2025-02-17 00:00:00.000000,36,2028-02-17 00:00:00.000000,1,0,30000000,1208400,30000000,300000.0,30000000,0,0,0,0,,,,,KREDIT AKTIF,AKTIF
76,TH**A C**KA FE***TA,2023-09-21 00:00:00.000000,24,2025-09-21 00:00:00.000000,1,0,50000000,2683400,14582200,3855.0,14582200,0,0,0,0,,,,,KREDIT AKTIF,AKTIF
77,SO***AH,2024-09-28 00:00:00.000000,18,2026-03-28 00:00:00.000000,1,0,30000000,2026700,21666500,1097.0,21666500,0,0,0,0,,,,,KREDIT AKTIF,AKTIF
78,KR****WATI,2024-03-04 00:00:00.000000,36,2027-03-04 00:00:00.000000,1,0,60000000,2290700,41666300,1602086.0,41666300,0,0,0,0,,,TOPUP,,KREDIT AKTIF,AKTIF
79,NU**NG,2024-05-20 00:00:00.000000,12,2025-05-20 00:00:00.000000,1,0,30000000,2860000,7500000,559.0,7500000,0,0,0,0,,,,,KREDIT AKTIF,AKTIF
80,R**I AN*****NI,2024-11-14 00:00:00.000000,48,2028-11-14 00:00:00.000000,1,0,200000000,6066700,187499900,220.0,187499900,0,0,0,0,,,,,KREDIT AKTIF,AKTIF
81,MO***AD ,2024-08-16 00:00:00.000000,12,2025-08-16 00:00:00.000000,1,0,45000000,4290000,22500000,479.0,22500000,0,0,0,0,,,TOPUP,,KREDIT AKTIF,AKTIF
82,**U N*****,2024-03-07 00:00:00.000000,18,2025-09-07 00:00:00.000000,1,0,100000000,6555600,38888400,0.0,38888400,0,0,0,0,,,,,KREDIT AKTIF,AKTIF
83,C****RA F*****S,2024-03-22 00:00:00.000000,24,2026-03-22 00:00:00.000000,1,0,32000000,1717400,17332600,10226.0,17332600,0,0,0,0,,,,,KREDIT AKTIF,AKTIF
84,D*** ****NI,2023-12-29 00:00:00.000000,36,2026-12-29 00:00:00.000000,1,0,70000000,2672500,40832500,600.0,40832500,0,0,0,0,,,,,KREDIT AKTIF,AKTIF
85,E****D NA***R,2023-10-26 00:00:00.000000,36,2026-10-26 00:00:00.000000,1,0,70000000,2672500,38888000,5440.0,38888000,0,0,0,0,,,,,KREDIT AKTIF,AKTIF
86,TH**A C**KA FE***TA,2025-02-22 00:00:00.000000,36,2028-02-22 00:00:00.000000,1,0,80000000,3054300,80000000,0.0,80000000,0,0,0,0,,,,,KREDIT AKTIF,AKTIF
87,SO***AH,2023-10-05 00:00:00.000000,24,2025-10-05 00:00:00.000000,1,0,25000000,1341700,8332800,281709.0,8332800,0,0,0,0,,,,,KREDIT AKTIF,AKTIF
88,KR****WATI,2024-07-24 00:00:00.000000,36,2027-07-24 00:00:00.000000,1,0,50000000,2013900,40277700,411.0,40277700,0,0,0,0,,,,,KREDIT AKTIF,AKTIF
89,NU**NG,2025-02-20 00:00:00.000000,24,2027-02-20 00:00:00.000000,1,0,30000000,1610000,30000000,0.0,30000000,0,0,0,0,,,,,KREDIT AKTIF,AKTIF
90,R**I AN*****NI,2024-03-28 00:00:00.000000,24,2026-03-28 00:00:00.000000,1,0,40000000,2146700,21666300,3300.0,21666300,0,0,0,0,,,,,KREDIT AKTIF,AKTIF
91,MO***AD ,2024-08-15 00:00:00.000000,36,2027-08-15 00:00:00.000000,1,0,30000000,1208400,24999600,0.0,24999600,0,0,0,0,,,,,KREDIT AKTIF,AKTIF
92,**U N*****,2023-12-04 00:00:00.000000,24,2025-12-04 00:00:00.000000,1,0,30000000,1610000,12500000,393.0,12500000,0,0,0,0,,,,,KREDIT AKTIF,AKTIF
93,C****RA F*****S,2024-02-19 00:00:00.000000,36,2027-02-19 00:00:00.000000,1,0,50000000,2013900,33333200,1414.0,33333200,0,0,0,0,,,,,KREDIT AKTIF,AKTIF
94,D*** ****NI,2023-06-12 00:00:00.000000,36,2026-06-12 00:00:00.000000,1,0,85000000,3245200,37776000,4621.0,37776000,0,0,0,0,,,,,KREDIT AKTIF,AKTIF
95,E****D NA***R,2024-10-29 00:00:00.000000,12,2025-10-29 00:00:00.000000,1,0,35000000,3336700,23333200,1200.0,23333200,0,0,0,0,,,,,KREDIT AKTIF,AKTIF
96,TH**A C**KA FE***TA,2024-05-02 00:00:00.000000,18,2025-11-02 00:00:00.000000,1,0,30000000,2026700,13333000,193.0,13333000,0,0,0,0,,,,,KREDIT AKTIF,AKTIF
97,SO***AH,2024-03-13 00:00:00.000000,24,2026-03-13 00:00:00.000000,1,0,40000000,2146700,21666300,888.0,21666300,0,0,0,0,,,,,KREDIT AKTIF,AKTIF
98,KR****WATI,2024-07-13 00:00:00.000000,36,2027-07-13 00:00:00.000000,1,0,60000000,2290700,48333100,946.0,48333100,0,0,0,0,,,TOPUP,,KREDIT AKTIF,AKTIF
99,NU**NG,2024-12-21 00:00:00.000000,18,2026-06-21 00:00:00.000000,1,0,35000000,2364500,31111000,39000.0,31111000,0,0,0,0,,,TOPUP,,KREDIT AKTIF,AKTIF
100,R**I AN*****NI,2025-02-14 00:00:00.000000,18,2026-08-14 00:00:00.000000,1,0,30000000,2026700,30000000,300000.0,30000000,0,0,0,0,,,,,KREDIT AKTIF,AKTIF
101,MO***AD ,2023-09-08 00:00:00.000000,36,2026-09-08 00:00:00.000000,1,0,80000000,3054300,39998600,786.0,39998600,0,0,0,0,,,,,KREDIT AKTIF,AKTIF
102,**U N*****,2025-02-18 00:00:00.000000,24,2027-02-18 00:00:00.000000,1,0,300000000,15200000,300000000,0.0,300000000,0,0,0,0,,,,,KREDIT AKTIF,AKTIF
103,C****RA F*****S,2025-02-11 00:00:00.000000,24,2027-02-11 00:00:00.000000,1,0,30000000,1610000,30000000,300000.0,30000000,0,0,0,0,,,,,KREDIT AKTIF,AKTIF
104,D*** ****NI,2025-02-17 00:00:00.000000,24,2027-02-17 00:00:00.000000,1,0,100000000,5166700,100000000,0.0,100000000,0,0,0,0,,,,,KREDIT AKTIF,AKTIF
105,E****D NA***R,2023-07-13 00:00:00.000000,36,2026-07-13 00:00:00.000000,1,0,60000000,2290700,28332700,2400.0,28332700,0,0,0,0,,,,,KREDIT AKTIF,AKTIF
106,TH**A C**KA FE***TA,2024-03-19 00:00:00.000000,24,2026-03-19 00:00:00.000000,1,0,21000000,1127000,11375000,2089.0,11375000,0,0,0,0,,,,,KREDIT AKTIF,AKTIF
107,SO***AH,2025-02-18 00:00:00.000000,36,2028-02-18 00:00:00.000000,1,0,120000000,4449400,120000000,0.0,120000000,0,0,0,0,,,,,KREDIT AKTIF,AKTIF
108,KR****WATI,2024-10-11 00:00:00.000000,36,2027-10-11 00:00:00.000000,1,0,75000000,2863400,66666400,0.0,66666400,0,0,0,0,,,,,KREDIT AKTIF,AKTIF
109,NU**NG,2024-04-17 00:00:00.000000,24,2026-04-17 00:00:00.000000,1,0,30000000,1610000,17500000,0.0,17500000,0,0,0,0,,,,,KREDIT AKTIF,AKTIF
110,R**I AN*****NI,2024-11-07 00:00:00.000000,12,2025-11-07 00:00:00.000000,1,0,100000000,9333400,74999800,0.0,74999800,0,0,0,0,,,,,KREDIT AKTIF,AKTIF
111,MO***AD ,2023-12-23 00:00:00.000000,36,2026-12-23 00:00:00.000000,1,0,50000000,2013900,30555400,333.0,30555400,0,0,0,0,,,,,KREDIT AKTIF,AKTIF
112,**U N*****,2025-01-03 00:00:00.000000,24,2027-01-03 00:00:00.000000,1,0,170000000,8613400,155833200,716.0,155833200,0,0,0,0,,,TOPUP,,KREDIT AKTIF,AKTIF
113,C****RA F*****S,2024-10-29 00:00:00.000000,12,2025-10-29 00:00:00.000000,1,0,25000000,2383400,16666400,0.0,16666400,0,0,0,0,,,,,KREDIT AKTIF,AKTIF
114,D*** ****NI,2024-12-20 00:00:00.000000,36,2027-12-20 00:00:00.000000,1,0,60000000,2290700,56666600,800.0,56666600,0,0,0,0,,,,,KREDIT AKTIF,AKTIF
115,E****D NA***R,2024-12-23 00:00:00.000000,36,2027-12-23 00:00:00.000000,1,0,40000000,1611200,37777600,1600.0,37777600,0,0,0,0,,,,,KREDIT AKTIF,AKTIF
116,TH**A C**KA FE***TA,2024-06-12 00:00:00.000000,36,2027-06-12 00:00:00.000000,1,0,80000000,3054300,62221600,52266.0,62221600,0,0,0,0,,,,,KREDIT AKTIF,AKTIF
117,SO***AH,2024-07-17 00:00:00.000000,18,2026-01-17 00:00:00.000000,1,0,40000000,2702300,24443900,1080.0,24443900,0,0,0,0,,,,,KREDIT AKTIF,AKTIF
118,KR****WATI,2024-06-25 00:00:00.000000,36,2027-06-25 00:00:00.000000,1,0,80000000,3054300,62221600,266.0,62221600,0,0,0,0,,,,,KREDIT AKTIF,AKTIF
119,NU**NG,2024-12-17 00:00:00.000000,18,2026-06-17 00:00:00.000000,1,0,40000000,2702300,35555400,5400.0,35555400,0,0,0,0,,,,,KREDIT AKTIF,AKTIF
120,R**I AN*****NI,2024-03-06 00:00:00.000000,36,2027-03-06 00:00:00.000000,1,0,60000000,2290700,39999600,1258.0,39999600,0,0,0,0,,,,,KREDIT AKTIF,AKTIF
